Customer,Preference1,Preference2,Preference3,Preference4,Preference5,Preference6,Preference7,Preference8,Preference9,Preference10,Customer Type
1,#123,#323,#654,#173,#558,#120,#987,#145,#372,#988,1
2,#013,#133,#543,#530,#827,#251,#932,#385,#115,#973,3
3,#137,#714,#525,#1168,#906,#900,#092,#974,#017,#649,6
4,#1153,#1249,#907,#092,#166,#1188,#007,#1089,#041,#335,3
5,#861,#1108,#473,#166,#963,#075,#092,#447,#078,#866,2
6,#027,#281,#331,#220,#1300,#271,#1250,#937,#495,#407,3
7,#809,#745,#420,#111,#486,#445,#446,#699,#1173,#1079,2
8,#1123,#681,#515,#852,#1070,#510,#516,#206,#628,#1078,1
9,#390,#178,#401,#613,#372,#745,#553,#1265,#732,#1014,3
10,#361,#878,#672,#1196,#724,#428,#010,#1086,#643,#581,1
11,#450,#041,#815,#063,#148,#423,#517,#407,#323,#124,1
12,#898,#704,#630,#956,#486,#537,#679,#126,#847,#1050,4
13,#757,#672,#474,#1212,#371,#258,#932,#554,#1105,#1171,1
14,#138,#1153,#1247,#597,#274,#948,#472,#885,#526,#214,1
15,#1144,#170,#852,#119,#240,#404,#598,#282,#698,#377,1
16,#840,#041,#846,#543,#477,#921,#153,#968,#951,#836,1
17,#974,#948,#1093,#624,#1096,#145,#020,#933,#937,#575,4
18,#656,#022,#113,#555,#092,#996,#471,#385,#281,#1100,1
19,#1099,#1071,#608,#176,#089,#1149,#107,#1013,#1117,#733,4
20,#491,#338,#985,#1075,#1147,#1244,#875,#418,#066,#867,2
21,#124,#323,#366,#1093,#1168,#238,#1062,#1184,#1018,#287,1
22,#716,#124,#909,#438,#878,#881,#1237,#355,#331,#814,1
23,#828,#281,#1093,#932,#798,#1276,#228,#189,#955,#580,2
24,#956,#074,#092,#982,#673,#1194,#124,#185,#714,#1239,3
25,#1206,#696,#116,#331,#830,#1093,#356,#638,#1141,#144,3
26,#1133,#096,#089,#439,#101,#932,#905,#171,#733,#372,3
27,#1050,#495,#1110,#765,#1198,#1014,#1168,#763,#149,#255,1
28,#1238,#732,#1194,#005,#554,#710,#846,#399,#1094,#1274,2
29,#1024,#124,#296,#1066,#771,#331,#1184,#539,#608,#615,4
30,#1034,#1285,#709,#016,#1032,#871,#673,#915,#228,#1059,3
31,#390,#1053,#648,#072,#490,#1184,#951,#489,#1046,#937,2
32,#884,#1198,#254,#898,#795,#497,#495,#554,#827,#1014,3
33,#435,#1299,#932,#380,#1301,#404,#074,#1050,#1061,#005,3
34,#834,#745,#209,#409,#575,#464,#654,#664,#1100,#198,2
35,#041,#1067,#543,#092,#859,#852,#344,#710,#036,#238,2
36,#768,#488,#885,#1008,#815,#996,#622,#034,#651,#775,1
37,#943,#331,#334,#645,#256,#488,#1217,#124,#658,#759,2
38,#047,#1137,#420,#647,#1238,#1093,#303,#1287,#143,#326,1
39,#1270,#1138,#634,#648,#316,#1105,#1007,#732,#951,#1235,2
40,#331,#857,#118,#064,#138,#1105,#852,#029,#342,#558,2
41,#238,#326,#192,#331,#380,#1244,#423,#041,#932,#678,1
42,#126,#389,#116,#627,#1173,#960,#1093,#842,#1300,#356,1
43,#339,#1100,#1216,#1172,#085,#228,#712,#009,#301,#493,1
44,#221,#1075,#1029,#1147,#149,#548,#355,#095,#1093,#872,4
45,#486,#735,#578,#998,#388,#698,#1168,#140,#834,#471,1
46,#655,#087,#469,#583,#272,#768,#1250,#401,#342,#1292,1
47,#154,#506,#1029,#963,#143,#1236,#1075,#630,#909,#206,2
48,#1075,#969,#110,#577,#331,#545,#148,#1255,#366,#129,3
49,#938,#506,#650,#228,#1021,#404,#374,#060,#1093,#667,1
50,#1011,#540,#1092,#558,#143,#648,#646,#185,#1113,#736,6
51,#390,#1108,#505,#946,#356,#116,#1183,#395,#489,#914,1
52,#313,#117,#947,#289,#1274,#1066,#005,#199,#956,#950,2
53,#1231,#723,#210,#201,#092,#932,#381,#908,#364,#1178,2
54,#493,#189,#577,#237,#407,#143,#007,#762,#932,#774,3
55,#504,#948,#225,#153,#331,#409,#021,#1030,#567,#795,3
56,#779,#1080,#503,#478,#615,#1247,#747,#908,#1129,#1184,2
57,#380,#943,#545,#322,#584,#1006,#1136,#405,#355,#220,2
58,#153,#278,#251,#377,#881,#692,#378,#1099,#041,#148,2
59,#256,#385,#143,#105,#1149,#263,#040,#580,#554,#1290,3
60,#705,#1173,#426,#360,#932,#1093,#446,#236,#374,#1043,2
61,#995,#771,#198,#586,#299,#946,#494,#250,#775,#450,1
62,#1274,#1085,#958,#030,#1102,#176,#732,#184,#939,#328,2
63,#625,#932,#544,#710,#640,#331,#414,#1014,#257,#557,1
64,#429,#776,#583,#951,#508,#395,#890,#259,#843,#830,5
65,#353,#817,#948,#823,#697,#409,#534,#607,#921,#1065,3
66,#1010,#1018,#957,#116,#390,#1170,#980,#1097,#1301,#192,4
67,#1221,#184,#050,#300,#911,#334,#600,#641,#806,#124,3
68,#566,#018,#1184,#933,#059,#399,#891,#439,#1123,#645,2
69,#1236,#878,#1101,#005,#906,#374,#1178,#754,#891,#750,2
70,#670,#331,#979,#1274,#1049,#1025,#041,#1202,#1266,#767,2
71,#1164,#739,#183,#116,#974,#034,#937,#037,#440,#521,1
72,#416,#1149,#477,#331,#228,#201,#626,#891,#546,#1188,2
73,#612,#944,#049,#525,#478,#516,#375,#898,#494,#511,1
74,#1223,#137,#1033,#211,#068,#1242,#1138,#1245,#220,#331,2
75,#832,#300,#196,#085,#934,#353,#494,#1089,#373,#956,1
76,#1200,#439,#1093,#908,#171,#143,#621,#125,#723,#061,1
77,#1184,#331,#116,#828,#811,#1262,#388,#287,#1034,#735,2
78,#580,#029,#418,#603,#005,#141,#276,#496,#372,#009,2
79,#933,#505,#1017,#237,#372,#140,#144,#423,#974,#150,3
80,#129,#429,#1017,#560,#1068,#292,#423,#735,#061,#101,5
81,#222,#1157,#085,#129,#730,#536,#1169,#932,#984,#525,2
82,#1138,#598,#486,#833,#537,#041,#832,#801,#366,#1241,4
83,#495,#551,#496,#497,#1184,#857,#1033,#164,#374,#698,2
84,#579,#712,#932,#022,#679,#1210,#914,#262,#631,#072,2
85,#115,#736,#769,#152,#915,#265,#323,#505,#745,#1024,4
86,#044,#873,#092,#760,#478,#1132,#331,#228,#874,#201,1
87,#503,#937,#220,#969,#985,#395,#309,#374,#164,#081,2
88,#301,#610,#1187,#1225,#171,#499,#124,#1236,#986,#628,4
89,#218,#624,#1169,#535,#255,#1131,#423,#1093,#490,#094,1
90,#067,#176,#366,#1102,#180,#750,#323,#711,#811,#350,3
91,#1205,#505,#1058,#013,#1111,#233,#020,#572,#933,#688,6
92,#365,#1234,#956,#678,#196,#1123,#171,#1110,#184,#960,3
93,#1266,#564,#115,#743,#748,#041,#386,#827,#274,#163,2
94,#1094,#982,#488,#324,#724,#154,#013,#1241,#515,#795,2
95,#439,#1211,#072,#905,#780,#479,#423,#705,#765,#611,1
96,#478,#1206,#672,#1266,#677,#328,#588,#494,#1053,#031,4
97,#111,#1184,#129,#068,#251,#932,#575,#679,#174,#116,2
98,#331,#213,#1075,#643,#234,#129,#1271,#291,#201,#342,3
99,#244,#1024,#933,#779,#133,#1108,#684,#1231,#1032,#390,4
100,#388,#207,#871,#186,#1074,#092,#174,#002,#304,#1154,3
101,#933,#1100,#013,#281,#974,#680,#842,#1138,#463,#625,2
102,#164,#1285,#828,#355,#136,#596,#446,#1276,#836,#1017,1
103,#374,#241,#1075,#995,#1093,#1279,#1004,#1218,#315,#228,6
104,#407,#414,#646,#800,#734,#801,#174,#1196,#1252,#951,4
105,#1099,#920,#1180,#1131,#1018,#946,#624,#996,#143,#614,2
106,#948,#237,#980,#951,#166,#365,#933,#115,#263,#1105,4
107,#1245,#402,#615,#1196,#480,#1197,#227,#1098,#1301,#105,3
108,#828,#837,#1021,#516,#1129,#959,#1051,#714,#697,#932,3
109,#456,#606,#1093,#438,#119,#617,#366,#179,#388,#1116,1
110,#143,#148,#761,#859,#225,#211,#094,#430,#070,#034,2
111,#068,#386,#445,#752,#759,#1151,#101,#342,#353,#256,2
112,#136,#645,#681,#834,#012,#1085,#036,#388,#1014,#1110,2
113,#144,#118,#1093,#672,#1263,#657,#026,#092,#532,#022,4
114,#852,#446,#196,#499,#680,#830,#351,#937,#596,#1257,1
115,#844,#143,#179,#1231,#1105,#377,#925,#795,#573,#470,1
116,#1302,#1093,#390,#1089,#339,#366,#1277,#558,#263,#085,1
117,#009,#048,#745,#377,#232,#932,#390,#1137,#1068,#1252,1
118,#521,#423,#1123,#1129,#025,#419,#964,#085,#1171,#1204,1
119,#151,#386,#024,#089,#964,#252,#474,#105,#447,#097,1
120,#491,#906,#699,#619,#700,#793,#1093,#554,#1302,#225,4
121,#1111,#648,#331,#706,#555,#177,#370,#533,#495,#537,4
122,#185,#085,#1071,#1067,#624,#252,#397,#477,#603,#1081,2
123,#423,#560,#021,#914,#1301,#832,#259,#1121,#925,#266,1
124,#499,#115,#278,#1156,#009,#1212,#396,#561,#200,#549,1
125,#521,#795,#1145,#910,#534,#074,#390,#545,#1239,#189,5
126,#190,#1120,#259,#760,#334,#932,#662,#446,#185,#256,3
127,#1283,#686,#929,#1169,#1172,#1205,#386,#945,#980,#580,2
128,#048,#096,#115,#116,#1275,#873,#812,#217,#1290,#338,1
129,#228,#854,#560,#218,#089,#851,#1258,#1117,#1168,#430,1
130,#101,#114,#192,#1219,#646,#326,#871,#937,#403,#162,1
131,#578,#397,#072,#554,#1184,#580,#920,#115,#1232,#281,2
132,#1214,#1173,#1111,#619,#124,#304,#366,#719,#1186,#386,1
133,#383,#644,#792,#194,#569,#1110,#009,#135,#541,#291,2
134,#1249,#095,#446,#801,#505,#711,#324,#1184,#1092,#878,3
135,#1302,#1081,#115,#130,#176,#1115,#262,#834,#937,#933,4
136,#1243,#1249,#973,#450,#033,#739,#844,#160,#133,#143,3
137,#1014,#872,#759,#140,#576,#174,#284,#925,#1168,#881,4
138,#147,#508,#390,#759,#836,#698,#365,#224,#769,#201,1
139,#281,#311,#331,#1244,#430,#1093,#957,#1030,#994,#993,2
140,#281,#110,#192,#486,#604,#507,#1173,#390,#221,#381,1
141,#1093,#554,#402,#1193,#809,#237,#539,#521,#337,#985,2
142,#733,#843,#026,#1100,#769,#789,#234,#496,#710,#807,1
143,#1248,#372,#221,#941,#085,#853,#519,#032,#697,#426,1
144,#1081,#626,#048,#712,#963,#115,#174,#070,#537,#1129,1
145,#271,#138,#620,#390,#730,#1054,#460,#041,#629,#637,3
146,#1046,#927,#1038,#111,#854,#125,#1014,#377,#1099,#881,2
147,#933,#1196,#259,#006,#1184,#1128,#1102,#1092,#070,#920,4
148,#092,#713,#760,#800,#745,#631,#1156,#102,#297,#061,3
149,#682,#982,#957,#331,#154,#795,#1204,#1300,#1172,#1210,2
150,#446,#828,#638,#875,#115,#554,#094,#404,#098,#385,1
151,#166,#123,#697,#009,#974,#020,#1284,#474,#383,#180,3
152,#032,#703,#980,#1145,#1093,#395,#125,#1184,#330,#1301,2
153,#356,#557,#374,#237,#138,#092,#1107,#331,#679,#885,2
154,#172,#1093,#933,#656,#645,#950,#480,#714,#491,#1021,2
155,#031,#395,#1017,#238,#257,#028,#060,#180,#118,#1141,5
156,#186,#271,#560,#1058,#773,#1176,#1238,#175,#906,#238,1
157,#629,#217,#065,#409,#464,#390,#937,#182,#974,#1102,2
158,#1093,#670,#423,#154,#688,#257,#1131,#1110,#1282,#638,2
159,#164,#283,#560,#1259,#372,#201,#933,#265,#527,#085,1
160,#1086,#021,#299,#041,#637,#517,#452,#815,#915,#140,1
161,#089,#796,#937,#181,#207,#829,#1244,#1070,#426,#189,3
162,#794,#754,#1132,#1244,#590,#499,#196,#338,#1017,#105,4
163,#1274,#937,#389,#106,#397,#561,#1053,#198,#679,#224,2
164,#766,#115,#143,#238,#679,#1110,#1172,#478,#490,#023,1
165,#545,#701,#1093,#1081,#1008,#092,#741,#005,#981,#505,3
166,#138,#1070,#654,#201,#563,#615,#186,#381,#445,#116,5
167,#771,#552,#512,#982,#372,#900,#107,#286,#517,#159,3
168,#1030,#474,#331,#575,#1285,#596,#1292,#377,#885,#673,4
169,#189,#1265,#828,#480,#1249,#105,#013,#1087,#380,#461,3
170,#900,#1033,#996,#1161,#795,#1021,#430,#1244,#1151,#366,3
171,#505,#1134,#1197,#041,#979,#681,#1267,#1269,#589,#833,2
172,#1194,#584,#1198,#1024,#779,#877,#519,#932,#066,#632,3
173,#1093,#453,#759,#1062,#681,#768,#871,#1123,#483,#877,3
174,#057,#1110,#380,#500,#238,#560,#038,#985,#979,#005,4
175,#1137,#038,#089,#948,#062,#584,#377,#138,#446,#766,1
176,#948,#804,#1172,#1014,#555,#362,#331,#166,#1222,#276,4
177,#759,#041,#474,#1200,#169,#945,#092,#932,#129,#543,1
178,#1098,#958,#679,#486,#557,#201,#1191,#1173,#1094,#517,1
179,#689,#901,#390,#1031,#979,#1008,#154,#1157,#798,#374,4
180,#703,#1292,#900,#102,#907,#299,#932,#796,#1093,#1048,3
181,#176,#213,#872,#458,#519,#1141,#1298,#372,#331,#577,2
182,#154,#1040,#385,#708,#105,#947,#390,#828,#1100,#633,1
183,#423,#1085,#331,#409,#1236,#1265,#1184,#495,#1093,#075,4
184,#202,#852,#672,#286,#020,#933,#645,#123,#650,#900,3
185,#1172,#1175,#025,#339,#1099,#672,#1116,#284,#732,#164,4
186,#953,#721,#388,#021,#236,#1123,#133,#067,#061,#114,3
187,#373,#1078,#196,#1016,#1141,#860,#494,#841,#580,#236,3
188,#356,#896,#644,#562,#745,#374,#1184,#365,#1017,#115,1
189,#1237,#1283,#537,#985,#725,#138,#366,#799,#396,#700,3
190,#063,#538,#450,#932,#446,#745,#914,#526,#508,#789,1
191,#937,#1257,#1208,#196,#980,#085,#960,#672,#094,#976,1
192,#1111,#932,#213,#662,#619,#1268,#538,#323,#804,#780,3
193,#244,#280,#435,#174,#890,#1156,#861,#1184,#1093,#496,3
194,#1222,#137,#878,#1000,#1138,#124,#558,#796,#174,#1024,1
195,#827,#1259,#430,#1301,#1011,#439,#244,#164,#906,#1171,4
196,#731,#1104,#806,#983,#304,#784,#1138,#031,#1276,#377,2
197,#092,#1249,#331,#517,#793,#682,#937,#105,#361,#1213,1
198,#1231,#669,#768,#649,#003,#1241,#1049,#082,#237,#386,2
199,#377,#136,#228,#1023,#968,#869,#977,#023,#194,#801,1
200,#1244,#852,#210,#041,#201,#815,#409,#163,#913,#841,1
201,#170,#1249,#638,#996,#102,#767,#317,#040,#738,#808,2
202,#470,#554,#066,#681,#426,#007,#366,#584,#1292,#1198,9
203,#834,#1290,#575,#331,#1110,#828,#410,#005,#860,#951,2
204,#1274,#407,#446,#488,#937,#761,#537,#456,#527,#905,2
205,#578,#235,#1058,#483,#078,#694,#1115,#766,#1168,#495,2
206,#897,#951,#995,#1059,#548,#543,#1097,#310,#344,#1238,5
207,#714,#1157,#1093,#937,#1183,#016,#1034,#779,#677,#418,2
208,#584,#102,#732,#956,#255,#1262,#829,#963,#390,#1171,2
209,#129,#372,#1106,#1242,#063,#078,#532,#1165,#1248,#240,3
210,#063,#126,#932,#092,#380,#494,#938,#174,#186,#085,6
211,#355,#935,#872,#1301,#877,#932,#937,#081,#1113,#488,2
212,#495,#993,#067,#1172,#933,#946,#743,#484,#297,#285,4
213,#441,#149,#034,#496,#1279,#1100,#488,#210,#1169,#1184,1
214,#822,#1068,#1238,#018,#345,#1052,#101,#385,#170,#136,1
215,#1300,#852,#1238,#422,#041,#1012,#877,#101,#827,#948,3
216,#425,#1024,#806,#760,#932,#951,#960,#1116,#041,#390,2
217,#1137,#816,#115,#1110,#1018,#552,#218,#714,#1093,#1171,5
218,#752,#388,#565,#499,#1116,#940,#828,#408,#759,#478,2
219,#909,#404,#014,#245,#1277,#174,#780,#366,#875,#1274,2
220,#1271,#925,#433,#718,#360,#021,#1053,#143,#937,#646,2
221,#770,#933,#185,#982,#366,#1004,#092,#1184,#404,#1056,2
222,#099,#914,#455,#1293,#052,#386,#373,#1043,#1210,#372,2
223,#407,#1031,#1301,#517,#638,#754,#331,#767,#812,#256,1
224,#302,#124,#564,#257,#1162,#115,#1138,#393,#785,#339,7
225,#889,#1053,#1159,#1084,#967,#033,#1093,#224,#956,#1133,5
226,#380,#1204,#852,#1258,#233,#628,#1168,#478,#1053,#375,2
227,#1244,#331,#992,#407,#852,#385,#327,#124,#950,#1168,3
228,#1094,#347,#1280,#356,#353,#218,#191,#548,#095,#339,5
229,#281,#950,#047,#619,#115,#956,#505,#743,#201,#1093,3
230,#487,#1065,#331,#537,#641,#094,#479,#099,#679,#968,3
231,#356,#002,#039,#176,#616,#555,#244,#591,#963,#1192,8
232,#554,#331,#593,#166,#1129,#905,#1093,#196,#058,#1267,4
233,#092,#584,#138,#414,#331,#463,#1253,#932,#947,#1089,2
234,#099,#407,#426,#1282,#792,#395,#505,#1284,#447,#304,1
235,#779,#182,#164,#263,#410,#736,#504,#725,#1248,#477,2
236,#203,#852,#709,#992,#434,#446,#129,#833,#985,#1085,1
237,#1162,#880,#021,#872,#681,#736,#692,#603,#092,#732,1
238,#114,#832,#945,#870,#603,#871,#487,#506,#234,#673,3
239,#1292,#620,#1226,#366,#1089,#066,#063,#560,#198,#094,2
240,#439,#786,#637,#779,#1056,#497,#1239,#554,#811,#1010,4
241,#1144,#115,#393,#664,#388,#1229,#299,#1275,#198,#1093,1
242,#606,#494,#710,#917,#395,#697,#1075,#255,#418,#092,2
243,#565,#933,#551,#560,#852,#1288,#500,#994,#1271,#196,3
244,#259,#696,#901,#554,#1277,#884,#115,#334,#497,#638,6
245,#589,#166,#1018,#332,#143,#499,#193,#890,#207,#615,2
246,#1061,#072,#357,#799,#269,#1301,#747,#1048,#741,#143,3
247,#828,#048,#1248,#615,#553,#673,#495,#018,#554,#1259,3
248,#331,#528,#1263,#234,#116,#281,#477,#066,#1182,#937,3
249,#834,#1161,#558,#494,#806,#331,#207,#060,#1093,#881,3
250,#172,#147,#058,#1196,#960,#1133,#845,#932,#1259,#393,2
251,#1245,#1093,#106,#1248,#1289,#153,#619,#386,#624,#331,1
252,#124,#679,#504,#185,#826,#933,#804,#269,#1053,#474,1
253,#377,#1126,#969,#355,#924,#245,#680,#679,#280,#566,1
254,#287,#681,#186,#490,#919,#620,#072,#209,#676,#539,3
255,#622,#688,#123,#351,#125,#908,#198,#554,#331,#388,1
256,#1142,#099,#1251,#1129,#768,#326,#795,#736,#634,#1183,1
257,#971,#1151,#809,#552,#201,#373,#474,#1100,#105,#1302,3
258,#493,#374,#490,#074,#908,#692,#041,#115,#283,#144,2
259,#245,#557,#584,#852,#143,#671,#225,#459,#1093,#889,2
260,#072,#1030,#154,#1274,#610,#129,#102,#260,#771,#1219,1
261,#164,#777,#1030,#123,#402,#630,#628,#1242,#1078,#278,3
262,#265,#439,#741,#110,#1259,#591,#932,#152,#964,#994,2
263,#367,#648,#996,#085,#548,#932,#284,#186,#493,#471,2
264,#1115,#365,#407,#761,#1249,#638,#1109,#1212,#143,#138,4
265,#430,#1248,#487,#1018,#420,#259,#706,#439,#914,#236,4
266,#809,#947,#1191,#982,#1033,#483,#429,#1234,#084,#266,3
267,#933,#041,#584,#956,#074,#698,#775,#692,#302,#1199,3
268,#769,#537,#603,#631,#698,#517,#499,#516,#281,#395,2
269,#1271,#331,#1018,#1250,#881,#450,#554,#672,#547,#478,1
270,#356,#1093,#240,#554,#428,#381,#236,#430,#951,#1061,5
271,#537,#270,#068,#1188,#347,#149,#1128,#1298,#1301,#334,2
272,#806,#323,#1184,#1093,#1167,#374,#989,#834,#271,#624,2
273,#1093,#195,#646,#1181,#795,#815,#1242,#331,#828,#436,2
274,#940,#745,#596,#628,#957,#768,#503,#256,#102,#505,2
275,#1241,#652,#757,#1093,#200,#079,#940,#1056,#555,#1279,2
276,#771,#180,#941,#795,#143,#1285,#224,#115,#223,#380,3
277,#555,#110,#527,#278,#526,#1097,#456,#446,#887,#900,3
278,#741,#1051,#1115,#461,#515,#494,#385,#1034,#171,#237,1
279,#380,#407,#610,#137,#982,#048,#065,#964,#864,#160,1
280,#1133,#1229,#485,#382,#697,#676,#491,#900,#646,#419,4
281,#1089,#338,#543,#680,#342,#760,#150,#185,#914,#1123,3
282,#426,#1093,#828,#760,#221,#584,#1077,#356,#185,#224,7
283,#967,#228,#331,#237,#534,#013,#057,#732,#1204,#1053,1
284,#484,#1121,#722,#1257,#747,#1292,#1093,#355,#192,#1075,4
285,#360,#326,#994,#891,#244,#553,#159,#792,#934,#1184,2
286,#840,#555,#138,#1032,#648,#281,#1089,#559,#732,#1244,1
287,#619,#409,#745,#795,#344,#1244,#933,#328,#478,#505,4
288,#505,#398,#1100,#1298,#638,#115,#1285,#1245,#1301,#256,4
289,#950,#079,#732,#056,#253,#587,#686,#832,#511,#1231,3
290,#135,#710,#147,#1014,#224,#366,#438,#983,#806,#022,2
291,#827,#303,#914,#014,#584,#041,#003,#919,#405,#951,3
292,#467,#138,#662,#992,#256,#1133,#237,#339,#1093,#1197,2
293,#175,#1064,#630,#932,#1202,#1168,#493,#400,#251,#372,1
294,#834,#768,#594,#1242,#909,#558,#545,#041,#724,#296,2
295,#932,#958,#982,#1247,#386,#948,#1014,#1119,#249,#1215,3
296,#260,#928,#1105,#232,#450,#016,#240,#256,#548,#092,1
297,#1265,#1046,#115,#543,#679,#118,#207,#1137,#1051,#333,1
298,#1262,#587,#385,#793,#087,#143,#041,#281,#491,#908,2
299,#631,#1279,#515,#950,#018,#728,#985,#1121,#1242,#767,2
300,#073,#1100,#932,#164,#298,#317,#837,#627,#409,#115,3
301,#869,#996,#731,#331,#1215,#756,#372,#1129,#932,#1208,1
302,#1186,#331,#143,#575,#591,#339,#1136,#1006,#877,#020,3
303,#693,#1284,#185,#900,#247,#1249,#1184,#478,#1133,#246,3
304,#932,#135,#614,#1282,#061,#985,#168,#992,#904,#526,6
305,#1126,#033,#842,#916,#041,#1093,#1085,#591,#795,#1198,3
306,#552,#438,#681,#852,#836,#1031,#614,#1121,#470,#1145,5
307,#1111,#624,#1030,#041,#090,#143,#1029,#138,#017,#1081,3
308,#600,#237,#255,#1023,#1267,#331,#447,#041,#785,#085,2
309,#1092,#022,#110,#575,#893,#085,#425,#041,#948,#174,3
310,#495,#251,#1184,#1108,#438,#456,#137,#900,#834,#1075,4
311,#836,#408,#555,#076,#554,#374,#759,#591,#1138,#1093,2
312,#633,#519,#1236,#439,#262,#907,#834,#1117,#447,#120,3
313,#489,#1093,#1089,#1219,#1050,#1139,#430,#055,#1053,#509,1
314,#497,#179,#366,#221,#732,#624,#1300,#453,#1100,#1093,2
315,#1271,#020,#1034,#823,#118,#909,#163,#515,#455,#636,2
316,#852,#1302,#446,#1226,#645,#596,#1110,#450,#545,#407,3
317,#012,#1078,#1049,#323,#928,#260,#1093,#981,#648,#932,2
318,#1129,#914,#620,#232,#076,#755,#041,#1051,#471,#495,2
319,#439,#213,#163,#638,#1053,#558,#269,#509,#539,#828,1
320,#429,#256,#708,#1137,#933,#1218,#115,#486,#425,#331,1
321,#004,#1078,#124,#1111,#1241,#056,#178,#377,#1110,#015,1
322,#628,#168,#646,#271,#670,#304,#207,#680,#224,#942,2
323,#118,#366,#852,#859,#110,#797,#1110,#1300,#096,#1014,2
324,#545,#803,#622,#281,#386,#331,#958,#072,#502,#554,3
325,#395,#517,#323,#408,#795,#381,#672,#914,#099,#262,2
326,#837,#1279,#1145,#331,#875,#1248,#864,#681,#380,#189,3
327,#1137,#813,#286,#1223,#932,#1234,#304,#902,#782,#170,1
328,#537,#450,#236,#010,#439,#211,#951,#795,#072,#760,4
329,#619,#164,#292,#1173,#189,#759,#830,#1093,#529,#973,4
330,#880,#331,#383,#453,#1254,#1259,#270,#291,#709,#362,1
331,#932,#455,#823,#040,#680,#028,#624,#673,#756,#937,3
332,#331,#1089,#1206,#960,#153,#603,#622,#234,#1245,#648,1
333,#018,#962,#041,#047,#388,#940,#785,#932,#836,#1173,1
334,#236,#164,#511,#407,#869,#185,#982,#539,#587,#446,1
335,#1108,#095,#1085,#846,#1021,#474,#1206,#331,#779,#444,3
336,#516,#331,#951,#323,#667,#904,#1039,#372,#1285,#558,2
337,#1128,#474,#932,#1099,#689,#028,#195,#1017,#728,#239,1
338,#1004,#1282,#1103,#154,#554,#048,#426,#934,#986,#515,7
339,#494,#657,#773,#198,#029,#419,#455,#118,#323,#932,1
340,#304,#1100,#395,#953,#973,#1271,#801,#1093,#1292,#430,2
341,#710,#1093,#932,#478,#183,#657,#713,#439,#1007,#228,4
342,#1093,#932,#835,#603,#891,#220,#754,#845,#274,#1043,1
343,#1033,#1244,#948,#005,#277,#092,#836,#683,#1024,#766,1
344,#813,#937,#914,#516,#420,#1206,#1062,#647,#951,#207,4
345,#536,#818,#521,#474,#497,#115,#1292,#1093,#164,#1138,4
346,#996,#1156,#1057,#163,#418,#365,#1075,#1173,#184,#454,3
347,#117,#024,#1093,#1053,#560,#478,#673,#124,#196,#278,3
348,#236,#605,#331,#455,#181,#092,#041,#900,#1149,#085,1
349,#236,#761,#1117,#956,#379,#284,#448,#105,#679,#937,2
350,#144,#1093,#072,#697,#1258,#956,#1007,#067,#256,#499,1
351,#1261,#1061,#339,#048,#1173,#962,#554,#404,#1093,#1126,2
352,#914,#953,#235,#021,#554,#937,#092,#281,#1286,#138,2
353,#494,#418,#1070,#545,#534,#1004,#777,#404,#912,#785,2
354,#543,#138,#144,#115,#203,#1110,#190,#493,#434,#278,3
355,#477,#646,#499,#777,#338,#388,#717,#331,#1139,#1194,2
356,#331,#488,#683,#793,#099,#169,#1212,#1093,#796,#624,2
357,#555,#758,#1229,#196,#1002,#104,#672,#220,#274,#041,4
358,#933,#1033,#036,#596,#795,#385,#629,#1100,#358,#1129,6
359,#608,#1004,#1168,#577,#767,#1093,#811,#673,#175,#472,3
360,#057,#1275,#1105,#828,#960,#713,#491,#331,#1249,#1062,2
361,#656,#885,#022,#471,#124,#331,#672,#517,#793,#1285,4
362,#693,#488,#1172,#679,#427,#624,#1276,#848,#034,#1093,1
363,#505,#057,#051,#404,#649,#980,#476,#392,#914,#1121,3
364,#274,#171,#710,#016,#1093,#612,#260,#347,#138,#218,2
365,#138,#098,#1277,#477,#560,#163,#899,#813,#630,#039,1
366,#936,#101,#099,#1044,#858,#331,#342,#390,#837,#1171,2
367,#680,#095,#981,#786,#115,#132,#828,#765,#036,#1017,1
368,#587,#1043,#322,#642,#506,#1079,#1106,#1062,#385,#022,4
369,#1099,#1024,#1093,#331,#459,#885,#407,#598,#673,#852,2
370,#1265,#628,#1172,#932,#478,#455,#409,#494,#716,#735,1
371,#047,#1093,#1198,#052,#124,#646,#1184,#1037,#118,#100,4
372,#125,#790,#432,#672,#933,#964,#1032,#1117,#176,#591,1
373,#331,#768,#841,#218,#528,#679,#270,#192,#323,#409,1
374,#561,#294,#616,#739,#164,#189,#679,#015,#333,#585,2
375,#597,#560,#129,#1093,#937,#254,#815,#821,#036,#118,2
376,#401,#153,#598,#1245,#118,#1129,#426,#1093,#920,#932,4
377,#1093,#331,#418,#498,#067,#1146,#234,#745,#777,#044,2
378,#395,#801,#425,#516,#068,#798,#996,#1132,#491,#538,1
379,#799,#034,#1068,#489,#449,#137,#957,#1121,#041,#937,1
380,#342,#089,#1274,#828,#1210,#1093,#1076,#143,#873,#978,3
381,#331,#554,#428,#232,#1117,#832,#339,#620,#374,#953,1
382,#296,#766,#665,#1262,#714,#1186,#494,#072,#646,#236,2
383,#488,#790,#340,#1093,#980,#342,#1084,#968,#548,#299,1
384,#1245,#1265,#834,#957,#1093,#262,#996,#245,#385,#755,1
385,#833,#672,#077,#881,#828,#430,#1096,#125,#1250,#323,2
386,#806,#1225,#633,#398,#649,#299,#725,#1033,#455,#211,1
387,#1020,#891,#1210,#477,#977,#696,#1093,#407,#1184,#492,2
388,#094,#790,#435,#933,#646,#735,#1229,#944,#848,#681,2
389,#811,#1268,#726,#115,#933,#1288,#430,#220,#584,#812,4
390,#037,#554,#1133,#1078,#1285,#1301,#916,#374,#1024,#1093,1
391,#296,#323,#1067,#342,#1236,#1285,#689,#919,#010,#483,2
392,#438,#595,#042,#1184,#060,#689,#673,#1245,#1097,#124,2
393,#554,#1051,#323,#176,#1094,#259,#1160,#1091,#482,#909,2
394,#681,#1136,#331,#633,#1249,#932,#205,#1289,#521,#505,2
395,#395,#203,#1293,#523,#047,#1215,#933,#628,#1162,#221,2
396,#335,#497,#1023,#1157,#637,#286,#681,#654,#914,#760,2
397,#480,#304,#074,#433,#152,#1086,#1112,#1269,#1187,#356,1
398,#982,#1293,#1274,#1236,#148,#794,#409,#266,#1032,#871,3
399,#1288,#1076,#830,#932,#1285,#190,#041,#121,#225,#373,1
400,#506,#608,#989,#639,#060,#407,#004,#699,#932,#331,2
401,#1169,#181,#985,#500,#1001,#339,#085,#614,#996,#508,1
402,#094,#303,#386,#092,#933,#153,#143,#331,#154,#1033,1
403,#333,#414,#672,#331,#559,#914,#318,#1034,#583,#633,1
404,#154,#1046,#1040,#331,#958,#1186,#116,#025,#815,#630,1
405,#642,#1093,#201,#047,#1089,#115,#1216,#1100,#1198,#1275,4
406,#176,#1184,#1099,#543,#094,#287,#334,#331,#1248,#1204,5
407,#803,#829,#1288,#772,#1300,#776,#718,#544,#1156,#939,1
408,#1245,#1142,#1089,#714,#1274,#089,#576,#1223,#087,#357,3
409,#1093,#1248,#213,#280,#824,#935,#367,#460,#1124,#694,3
410,#767,#1142,#560,#761,#1284,#760,#433,#390,#1174,#189,4
411,#943,#153,#494,#231,#154,#828,#933,#281,#058,#450,3
412,#1261,#940,#1058,#374,#245,#795,#492,#767,#759,#407,2
413,#416,#445,#932,#022,#477,#615,#1279,#270,#281,#1110,2
414,#815,#108,#754,#270,#615,#118,#1054,#828,#1022,#978,4
415,#388,#832,#023,#115,#408,#685,#131,#1093,#259,#180,4
416,#385,#1244,#1055,#534,#478,#646,#374,#331,#149,#680,1
417,#025,#409,#175,#644,#1222,#184,#337,#1247,#1190,#235,1
418,#932,#1184,#1237,#698,#1236,#215,#1173,#438,#1187,#1249,1
419,#225,#1255,#571,#1156,#131,#1093,#554,#022,#148,#694,2
420,#433,#045,#316,#898,#837,#446,#1007,#932,#780,#937,1
421,#1285,#1105,#618,#537,#828,#410,#1271,#531,#1163,#1024,2
422,#940,#355,#592,#829,#380,#372,#066,#654,#055,#1249,3
423,#1139,#701,#852,#041,#596,#444,#933,#138,#814,#306,2
424,#409,#1093,#815,#240,#260,#1100,#234,#255,#1223,#1108,2
425,#937,#420,#163,#524,#041,#152,#811,#022,#828,#418,1
426,#170,#1284,#486,#473,#174,#969,#987,#951,#1093,#324,2
427,#798,#952,#488,#745,#836,#323,#724,#491,#255,#263,4
428,#494,#1180,#004,#195,#828,#321,#1194,#933,#324,#1069,1
429,#374,#1068,#670,#869,#638,#554,#372,#085,#124,#1168,1
430,#047,#754,#296,#163,#330,#933,#257,#416,#244,#185,4
431,#1172,#226,#604,#584,#681,#1121,#1110,#225,#743,#814,1
432,#439,#1247,#360,#1274,#409,#386,#359,#654,#372,#208,1
433,#360,#1268,#048,#444,#1172,#1093,#469,#608,#281,#388,1
434,#962,#948,#1277,#721,#304,#128,#458,#708,#1117,#863,4
435,#1050,#1082,#638,#164,#208,#217,#166,#065,#519,#1066,4
436,#736,#430,#836,#339,#115,#360,#933,#1168,#1249,#814,2
437,#196,#136,#092,#914,#489,#964,#1223,#210,#326,#543,3
438,#1144,#357,#444,#672,#497,#1100,#051,#570,#115,#105,3
439,#877,#755,#410,#196,#647,#878,#1011,#1231,#092,#815,3
440,#770,#565,#932,#115,#697,#681,#377,#1174,#256,#508,4
441,#744,#811,#145,#1279,#964,#1191,#1301,#779,#1032,#171,2
442,#115,#1241,#869,#1180,#870,#837,#509,#302,#1204,#864,4
443,#303,#136,#1176,#1173,#646,#237,#723,#1249,#1117,#061,4
444,#680,#845,#271,#172,#281,#1258,#531,#881,#1049,#374,2
445,#814,#278,#379,#1292,#1093,#1020,#1014,#584,#697,#366,5
446,#189,#828,#1302,#613,#092,#641,#932,#1110,#760,#430,6
447,#770,#124,#058,#323,#1003,#1055,#782,#065,#497,#1276,2
448,#996,#051,#331,#479,#003,#388,#1024,#868,#375,#390,6
449,#121,#299,#679,#196,#637,#705,#1265,#851,#118,#505,1
450,#787,#189,#1277,#1204,#397,#281,#136,#1231,#693,#105,3
451,#1196,#962,#370,#296,#1093,#755,#065,#947,#1017,#326,3
452,#741,#133,#189,#1147,#584,#1153,#681,#386,#117,#885,2
453,#390,#596,#1236,#331,#171,#580,#1248,#558,#849,#360,4
454,#701,#801,#732,#1172,#980,#170,#545,#334,#331,#1094,1
455,#982,#502,#1054,#983,#1018,#1172,#439,#584,#1259,#115,6
456,#182,#305,#364,#1287,#783,#386,#812,#144,#124,#143,3
457,#1144,#1186,#801,#405,#1025,#710,#486,#063,#1089,#259,3
458,#092,#1034,#575,#1037,#225,#458,#138,#1249,#882,#1053,3
459,#688,#706,#1202,#494,#1162,#630,#344,#207,#374,#1104,2
460,#356,#1149,#679,#390,#276,#331,#569,#1235,#881,#1104,1
461,#1121,#1168,#115,#591,#099,#340,#679,#488,#407,#1100,2
462,#516,#023,#191,#624,#1297,#1033,#116,#885,#798,#932,1
463,#1092,#386,#1096,#549,#910,#518,#1172,#139,#584,#041,1
464,#309,#287,#822,#1277,#770,#1173,#548,#474,#1033,#304,1
465,#362,#740,#058,#484,#1290,#360,#1298,#100,#057,#932,1
466,#1110,#747,#953,#041,#606,#847,#561,#141,#092,#380,1
467,#430,#1110,#198,#932,#282,#1146,#487,#1097,#066,#491,2
468,#714,#995,#1033,#569,#1132,#852,#477,#342,#407,#982,1
469,#1053,#450,#801,#018,#763,#495,#1173,#1172,#1031,#051,2
470,#085,#1093,#094,#885,#274,#440,#845,#733,#1005,#159,4
471,#730,#499,#947,#432,#980,#697,#238,#979,#557,#259,3
472,#237,#951,#201,#1089,#1172,#138,#646,#539,#1093,#051,1
473,#1300,#885,#374,#745,#189,#560,#447,#219,#754,#490,2
474,#795,#200,#1277,#065,#983,#1129,#494,#385,#366,#985,3
475,#983,#1249,#041,#124,#303,#803,#351,#577,#575,#245,1
476,#041,#654,#613,#1065,#908,#801,#323,#021,#247,#1093,1
477,#580,#750,#560,#960,#506,#020,#940,#1133,#813,#1264,2
478,#502,#855,#102,#463,#484,#795,#1282,#1301,#681,#932,1
479,#1271,#1019,#1165,#1178,#528,#534,#1241,#365,#009,#889,1
480,#730,#732,#1157,#617,#1056,#262,#104,#225,#1030,#726,3
481,#217,#373,#956,#615,#544,#344,#760,#115,#906,#1168,5
482,#960,#1094,#884,#1112,#1190,#1149,#124,#1061,#446,#366,2
483,#1157,#623,#594,#952,#165,#1156,#303,#048,#1172,#499,2
484,#404,#670,#628,#473,#099,#041,#708,#040,#342,#114,3
485,#757,#497,#014,#560,#834,#770,#076,#828,#196,#1126,3
486,#712,#621,#1014,#446,#1210,#1239,#828,#834,#835,#461,6
487,#331,#089,#1221,#124,#380,#1156,#232,#374,#042,#166,3
488,#558,#906,#322,#557,#189,#664,#1051,#473,#423,#1089,3
489,#131,#1238,#144,#426,#217,#956,#163,#754,#409,#286,4
490,#555,#813,#560,#1030,#041,#175,#841,#521,#1151,#218,6
491,#538,#898,#1274,#1093,#999,#851,#490,#1024,#891,#405,1
492,#1124,#502,#956,#391,#1185,#750,#1204,#143,#711,#009,2
493,#1105,#1249,#116,#492,#1138,#1089,#1112,#138,#423,#641,7
494,#804,#115,#698,#709,#286,#759,#845,#633,#968,#176,2
495,#845,#293,#543,#1033,#579,#377,#409,#1165,#092,#736,2
496,#878,#811,#624,#785,#1093,#774,#1153,#703,#416,#026,4
497,#034,#281,#1271,#094,#713,#560,#1188,#136,#402,#1106,1
498,#708,#259,#1120,#1164,#1142,#932,#1241,#094,#377,#280,3
499,#225,#783,#526,#834,#411,#445,#827,#1204,#154,#1216,1
500,#753,#933,#339,#126,#1186,#1017,#697,#881,#1285,#355,2
